{
 "global": {
  "check_for_updates_on_startup": true,
  "show_in_menu_bar": true,
  "show_profile_name_in_menu_bar": false
 },
 "profiles": [
  {
   "complex_modifications": {
    "parameters": {
     "basic.simultaneous_threshold_milliseconds": 50,
     "basic.to_delayed_action_delay_milliseconds": 500,
     "basic.to_if_alone_timeout_milliseconds": 1000,
     "basic.to_if_held_down_threshold_milliseconds": 500,
     "mouse_motion_to_scroll.speed": 100
    },
    "rules": [
     {
      "description": "Activate Layout mode",
      "manipulators": [
       {
        "from": {
         "key_code": "home"
        },
        "to": [
         {
          "key_code": "left_option"
         }
        ],
        "type": "basic"
       }
      ]
     },
     {
      "description": "Activate Layout mode 2",
      "manipulators": [
       {
        "from": {
         "key_code": "page_up"
        },
        "to": [
         {
          "key_code": "left_option"
         }
        ],
        "type": "basic"
       }
      ]
     },
     {
      "description": "Kinesis shortcut for '('",
      "manipulators": [
       {
        "from": {
         "key_code": "j",
         "modifiers": {
          "mandatory": [
           "right_control"
          ]
         }
        },
        "to": [
         {
          "key_code": "9",
          "modifiers": [
           "left_shift"
          ]
         }
        ],
        "type": "basic"
       }
      ]
     },
     {
      "description": "Kinesis shortcut for '`'",
      "manipulators": [
       {
        "from": {
         "key_code": "n",
         "modifiers": {
          "mandatory": [
           "right_control"
          ]
         }
        },
        "to": [
         {
          "key_code": "grave_accent_and_tilde"
         }
        ],
        "type": "basic"
       }
      ]
     },
     {
      "description": "Kinesis shortcut for '~'",
      "manipulators": [
       {
        "from": {
         "key_code": "h",
         "modifiers": {
          "mandatory": [
           "right_control"
          ]
         }
        },
        "to": [
         {
          "key_code": "grave_accent_and_tilde",
          "modifiers": [
           "left_shift"
          ]
         }
        ],
        "type": "basic"
       }
      ]
     },
     {
      "description": "Kinesis shortcut for ')'",
      "manipulators": [
       {
        "from": {
         "key_code": "k",
         "modifiers": {
          "mandatory": [
           "right_control"
          ]
         }
        },
        "to": [
         {
          "key_code": "0",
          "modifiers": [
           "left_shift"
          ]
         }
        ],
        "type": "basic"
       }
      ]
     },
     {
      "description": "Kinesis shortcut for '{'",
      "manipulators": [
       {
        "from": {
         "key_code": "u",
         "modifiers": {
          "mandatory": [
           "right_control"
          ]
         }
        },
        "to": [
         {
          "key_code": "open_bracket",
          "modifiers": [
           "left_shift"
          ]
         }
        ],
        "type": "basic"
       }
      ]
     },
     {
      "description": "Kinesis shortcut for '}'",
      "manipulators": [
       {
        "from": {
         "key_code": "i",
         "modifiers": {
          "mandatory": [
           "right_control"
          ]
         }
        },
        "to": [
         {
          "key_code": "close_bracket",
          "modifiers": [
           "left_shift"
          ]
         }
        ],
        "type": "basic"
       }
      ]
     },
     {
      "description": "Kinesis shortcut for '['",
      "manipulators": [
       {
        "from": {
         "key_code": "m",
         "modifiers": {
          "mandatory": [
           "right_control"
          ]
         }
        },
        "to": [
         {
          "key_code": "open_bracket"
         }
        ],
        "type": "basic"
       }
      ]
     },
     {
      "description": "Kinesis shortcut for ']'",
      "manipulators": [
       {
        "from": {
         "key_code": "comma",
         "modifiers": {
          "mandatory": [
           "right_control"
          ]
         }
        },
        "to": [
         {
          "key_code": "close_bracket"
         }
        ],
        "type": "basic"
       }
      ]
     },
     {
      "description": "Kinesis shortcut for '->'",
      "manipulators": [
       {
        "from": {
         "key_code": "y",
         "modifiers": {
          "mandatory": [
           "right_control"
          ]
         }
        },
        "to": [
         {
          "key_code": "hyphen"
         },
         {
          "key_code": "period",
          "modifiers": [
           "left_shift"
          ]
         }
        ],
        "type": "basic"
       }
      ]
     },
     {
      "description": "Kinesis shortcut for '='",
      "manipulators": [
       {
        "from": {
         "key_code": "e",
         "modifiers": {
          "mandatory": [
           "right_control"
          ]
         }
        },
        "to": [
         {
          "key_code": "equal_sign"
         }
        ],
        "type": "basic"
       }
      ]
     },
     {
      "description": "Kinesis shortcut for '!='",
      "manipulators": [
       {
        "from": {
         "key_code": "slash",
         "modifiers": {
          "mandatory": [
           "right_control"
          ]
         }
        },
        "to": [
         {
          "key_code": "1",
          "modifiers": [
           "left_shift"
          ]
         },
         {
          "key_code": "equal_sign"
         }
        ],
        "type": "basic"
       }
      ]
     },
     {
      "description": "Kinesis shortcut for ':='",
      "manipulators": [
       {
        "from": {
         "key_code": "semicolon",
         "modifiers": {
          "mandatory": [
           "right_control"
          ]
         }
        },
        "to": [
         {
          "key_code": "semicolon",
          "modifiers": [
           "left_shift"
          ]
         },
         {
          "key_code": "equal_sign"
         }
        ],
        "type": "basic"
       }
      ]
     },
     {
      "description": "Kinesis shortcut for '!'",
      "manipulators": [
       {
        "from": {
         "key_code": "g",
         "modifiers": {
          "mandatory": [
           "right_control"
          ]
         }
        },
        "to": [
         {
          "key_code": "1",
          "modifiers": [
           "left_shift"
          ]
         }
        ],
        "type": "basic"
       }
      ]
     },
     {
      "description": "Kinesis shortcut for 'CTRL+C'",
      "manipulators": [
       {
        "from": {
         "key_code": "c",
         "modifiers": {
          "mandatory": [
           "right_control"
          ]
         }
        },
        "to": [
         {
          "key_code": "c",
          "modifiers": [
           "right_command"
          ]
         }
        ],
        "type": "basic"
       }
      ]
     },
     {
      "description": "Kinesis shortcut for 'CTRL+V'",
      "manipulators": [
       {
        "from": {
         "key_code": "v",
         "modifiers": {
          "mandatory": [
           "right_control"
          ]
         }
        },
        "to": [
         {
          "key_code": "v",
          "modifiers": [
           "right_command"
          ]
         }
        ],
        "type": "basic"
       }
      ]
     },
     {
      "description": "Kinesis shortcut for '<'",
      "manipulators": [
       {
        "from": {
         "key_code": "7",
         "modifiers": {"mandatory": ["right_control"] }
        },
        "to": [
         {
          "key_code": "comma",
          "modifiers": ["left_shift"]
         }
        ],
        "type": "basic"
       }
      ]
     },
     {
      "description": "Kinesis shortcut for '>'",
      "manipulators": [
       {
        "from": {
         "key_code": "8",
         "modifiers": {"mandatory": ["right_control"] }
        },
        "to": [
         {
          "key_code": "period",
          "modifiers": ["left_shift"]
         }
        ],
        "type": "basic"
       }
      ]
     },
     {
      "description": "Caps Lock Mapping (Apple)",
      "manipulators": [
       {
        "conditions": [
         {
          "type": "device_if",
          "identifiers": [{"vendor_id": 1452 } ]
         }
        ],
        "from": {
         "key_code": "caps_lock",
         "modifiers": {"optional": ["any"] }
        },
        "to": [
         {
          "key_code": "right_shift",
          "modifiers": [
           "right_command",
           "right_control",
           "right_option"
          ]
         }
        ],
        "to_if_alone": [{"key_code": "escape"} ],
        "type": "basic"
       }
      ]
     },
     {
      "description": "Caps Lock Mapping (Kinesis)",
      "manipulators": [
       {
        "conditions": [
         {
          "type": "device_if",
          "identifiers": [{"vendor_id": 10730 } ]
         }
        ],
        "from": {
         "key_code": "caps_lock",
         "modifiers": {"optional": ["any"] }
        },
        "to": {"key_code": "left_control"},
        "to_if_alone": [{"key_code": "escape"} ],
        "type": "basic"
       }
      ]
     }
    ]
   },
   "devices": [],
   "fn_function_keys": [
    {
     "from": {"key_code": "f1"},
     "to": {"consumer_key_code": "display_brightness_decrement"}
    },
    {
     "from": {"key_code": "f2"},
     "to": {"consumer_key_code": "display_brightness_increment"}
    },
    {
     "from": {"key_code": "f3"},
     "to": {"key_code": "mission_control"}
    },
    {
     "from": {"key_code": "f4"},
     "to": {"key_code": "launchpad"}
    },
    {
     "from": {"key_code": "f5"},
     "to": {"key_code": "illumination_decrement"}
    },
    {
     "from": {"key_code": "f6"},
     "to": {"key_code": "illumination_increment"}
    },
    {
     "from": {"key_code": "f7"},
     "to": {"consumer_key_code": "rewind"}
    },
    {
     "from": {"key_code": "f8"},
     "to": {"consumer_key_code": "play_or_pause"}
    },
    {
     "from": {"key_code": "f9"},
     "to": {"consumer_key_code": "fast_forward"}
    },
    {
     "from": {"key_code": "f10"},
     "to": {"consumer_key_code": "mute"}
    },
    {
     "from": {"key_code": "f11"},
     "to": {"consumer_key_code": "volume_decrement"}
    },
    {
     "from": {"key_code": "f12"},
     "to": {"consumer_key_code": "volume_increment"}
    }
   ],
   "name": "Default profile",
   "parameters": {"delay_milliseconds_before_open_device": 1000 },
   "selected": true,
   "simple_modifications": [
    {
     "from": {"key_code": "delete_forward"},
     "to": {"key_code": "right_control"}
    }
   ],
   "virtual_hid_keyboard": {
    "country_code": 0,
    "mouse_key_xy_scale": 100
   }
  }
 ]
}