{
    "global": {
        "check_for_updates_on_startup": true,
        "show_in_menu_bar": true,
        "show_profile_name_in_menu_bar": false
    },
    "profiles": [
        {
            "complex_modifications": {
                "parameters": {
                    "basic.simultaneous_threshold_milliseconds": 50,
                    "basic.to_delayed_action_delay_milliseconds": 500,
                    "basic.to_if_alone_timeout_milliseconds": 1000,
                    "basic.to_if_held_down_threshold_milliseconds": 500,
                    "mouse_motion_to_scroll.speed": 100
                },
                "rules": [
                    {
                        "description": "Apple - Caps Lock to Escape on single press, Hyper key press if hold",
                        "manipulators": [
                            {
                                "conditions": [
                                    {
                                        "identifiers": [
                                            {
                                                "vendor_id": 1452
                                            }
                                        ],
                                        "type": "device_if"
                                    }
                                ],
                                "from": {
                                    "key_code": "caps_lock",
                                    "modifiers": {
                                        "optional": [
                                            "any"
                                        ]
                                    }
                                },
                                "to": [
                                    {
                                        "key_code": "right_shift",
                                        "modifiers": [
                                            "right_command",
                                            "right_control",
                                            "right_option"
                                        ]
                                    }
                                ],
                                "to_if_alone": [
                                    {
                                        "key_code": "escape"
                                    }
                                ],
                                "type": "basic"
                            }
                        ]
                    },
                    {
                        "description": "Kinesis - Activate Layout mode",
                        "manipulators": [
                            {
                                "conditions": [
                                    {
                                        "identifiers": [
                                            {
                                                "vendor_id": 10730
                                            }
                                        ],
                                        "type": "device_if"
                                    }
                                ],
                                "from": {
                                    "key_code": "home"
                                },
                                "to": [
                                    {
                                        "key_code": "left_option"
                                    }
                                ],
                                "type": "basic"
                            }
                        ]
                    },
                    {
                        "description": "Kinesis - Activate Layout mode 2",
                        "manipulators": [
                            {
                                "conditions": [
                                    {
                                        "identifiers": [
                                            {
                                                "vendor_id": 10730
                                            }
                                        ],
                                        "type": "device_if"
                                    }
                                ],
                                "from": {
                                    "key_code": "page_up"
                                },
                                "to": [
                                    {
                                        "key_code": "left_option"
                                    }
                                ],
                                "type": "basic"
                            }
                        ]
                    },
                    {
                        "description": "Kinesis - Caps Lock to Control",
                        "manipulators": [
                            {
                                "conditions": [
                                    {
                                        "identifiers": [
                                            {
                                                "vendor_id": 10730
                                            }
                                        ],
                                        "type": "device_if"
                                    }
                                ],
                                "from": {
                                    "key_code": "caps_lock",
                                    "modifiers": {
                                        "optional": [
                                            "any"
                                        ]
                                    }
                                },
                                "to": {
                                    "key_code": "left_control"
                                },
                                "to_if_alone": [
                                    {
                                        "key_code": "escape"
                                    }
                                ],
                                "type": "basic"
                            }
                        ]
                    },
                    {
                        "description": "Focus Mode",
                        "manipulators": [
                            {
                                "conditions": [
                                    {
                                        "name": "dafuck_mode",
                                        "type": "variable_if",
                                        "value": 1
                                    }
                                ],
                                "from": {
                                    "key_code": "i",
                                    "modifiers": {
                                        "mandatory": [],
                                        "optional": [
                                            "any"
                                        ]
                                    }
                                },
                                "to": [
                                    {
                                        "key_code": "open_bracket",
                                        "modifiers": [
                                            "right_command",
                                            "right_shift"
                                        ]
                                    }
                                ],
                                "type": "basic"
                            },
                            {
                                "from": {
                                    "modifiers": {
                                        "mandatory": [],
                                        "optional": [
                                            "any"
                                        ]
                                    },
                                    "simultaneous": [
                                        {
                                            "key_code": "f"
                                        },
                                        {
                                            "key_code": "i"
                                        }
                                    ],
                                    "simultaneous_options": {
                                        "detect_key_down_uninterruptedly": true,
                                        "key_down_order": "strict",
                                        "key_up_order": "strict_inverse",
                                        "key_up_when": "any",
                                        "to_after_key_up": [
                                            {
                                                "set_variable": {
                                                    "name": "dafuck_mode",
                                                    "value": 0
                                                }
                                            }
                                        ]
                                    }
                                },
                                "parameters": {
                                    "basic.simultaneous_threshold_milliseconds": 500
                                },
                                "to": [
                                    {
                                        "set_variable": {
                                            "name": "dafuck_mode",
                                            "value": 1
                                        }
                                    },
                                    {
                                        "key_code": "open_bracket",
                                        "modifiers": [
                                            "right_command",
                                            "right_shift"
                                        ]
                                    }
                                ],
                                "type": "basic"
                            },
                            {
                                "conditions": [
                                    {
                                        "name": "dafuck_mode",
                                        "type": "variable_if",
                                        "value": 1
                                    }
                                ],
                                "from": {
                                    "key_code": "o",
                                    "modifiers": {
                                        "mandatory": [],
                                        "optional": [
                                            "any"
                                        ]
                                    }
                                },
                                "to": [
                                    {
                                        "key_code": "close_bracket",
                                        "modifiers": [
                                            "right_command",
                                            "right_shift"
                                        ]
                                    }
                                ],
                                "type": "basic"
                            },
                            {
                                "from": {
                                    "modifiers": {
                                        "mandatory": [],
                                        "optional": [
                                            "any"
                                        ]
                                    },
                                    "simultaneous": [
                                        {
                                            "key_code": "f"
                                        },
                                        {
                                            "key_code": "o"
                                        }
                                    ],
                                    "simultaneous_options": {
                                        "detect_key_down_uninterruptedly": true,
                                        "key_down_order": "strict",
                                        "key_up_order": "strict_inverse",
                                        "key_up_when": "any",
                                        "to_after_key_up": [
                                            {
                                                "set_variable": {
                                                    "name": "dafuck_mode",
                                                    "value": 0
                                                }
                                            }
                                        ]
                                    }
                                },
                                "parameters": {
                                    "basic.simultaneous_threshold_milliseconds": 500
                                },
                                "to": [
                                    {
                                        "set_variable": {
                                            "name": "dafuck_mode",
                                            "value": 1
                                        }
                                    },
                                    {
                                        "key_code": "close_bracket",
                                        "modifiers": [
                                            "right_command",
                                            "right_shift"
                                        ]
                                    }
                                ],
                                "type": "basic"
                            }
                        ]
                    },
                    {
                        "description": "Yabai Focus",
                        "manipulators": [
                            {
                                "conditions": [
                                    {
                                        "name": "yb_display_mode",
                                        "type": "variable_if",
                                        "value": 1
                                    }
                                ],
                                "from": {
                                    "key_code": "l",
                                    "modifiers": {
                                        "mandatory": [],
                                        "optional": [
                                            "any"
                                        ]
                                    }
                                },
                                "to": [
                                    {
                                        "shell_command": "/opt/homebrew/bin/yabai -m window --display east"
                                    }
                                ],
                                "type": "basic"
                            },
                            {
                                "from": {
                                    "modifiers": {
                                        "mandatory": [],
                                        "optional": [
                                            "any"
                                        ]
                                    },
                                    "simultaneous": [
                                        {
                                            "key_code": "f"
                                        },
                                        {
                                            "key_code": "l"
                                        }
                                    ],
                                    "simultaneous_options": {
                                        "detect_key_down_uninterruptedly": true,
                                        "key_down_order": "strict",
                                        "key_up_order": "strict_inverse",
                                        "key_up_when": "any",
                                        "to_after_key_up": [
                                            {
                                                "set_variable": {
                                                    "name": "yb_display_mode",
                                                    "value": 0
                                                }
                                            }
                                        ]
                                    }
                                },
                                "parameters": {
                                    "basic.simultaneous_threshold_milliseconds": 500
                                },
                                "to": [
                                    {
                                        "set_variable": {
                                            "name": "yb_display_mode",
                                            "value": 1
                                        }
                                    },
                                    {
                                        "shell_command": "/opt/homebrew/bin/yabai -m display --focus east"
                                    }
                                ],
                                "type": "basic"
                            },
                            {
                                "conditions": [
                                    {
                                        "name": "yb_display_mode",
                                        "type": "variable_if",
                                        "value": 1
                                    }
                                ],
                                "from": {
                                    "key_code": "h",
                                    "modifiers": {
                                        "mandatory": [],
                                        "optional": [
                                            "any"
                                        ]
                                    }
                                },
                                "to": [
                                    {
                                        "shell_command": "/opt/homebrew/bin/yabai -m window --display west"
                                    }
                                ],
                                "type": "basic"
                            },
                            {
                                "from": {
                                    "modifiers": {
                                        "mandatory": [],
                                        "optional": [
                                            "any"
                                        ]
                                    },
                                    "simultaneous": [
                                        {
                                            "key_code": "f"
                                        },
                                        {
                                            "key_code": "h"
                                        }
                                    ],
                                    "simultaneous_options": {
                                        "detect_key_down_uninterruptedly": true,
                                        "key_down_order": "strict",
                                        "key_up_order": "strict_inverse",
                                        "key_up_when": "any",
                                        "to_after_key_up": [
                                            {
                                                "set_variable": {
                                                    "name": "yb_display_mode",
                                                    "value": 0
                                                }
                                            }
                                        ]
                                    }
                                },
                                "parameters": {
                                    "basic.simultaneous_threshold_milliseconds": 500
                                },
                                "to": [
                                    {
                                        "set_variable": {
                                            "name": "yb_display_mode",
                                            "value": 1
                                        }
                                    },
                                    {
                                        "shell_command": "/opt/homebrew/bin/yabai -m display --focus west"
                                    }
                                ],
                                "type": "basic"
                            },
                            {
                                "conditions": [
                                    {
                                        "name": "yb_window_mode",
                                        "type": "variable_if",
                                        "value": 1
                                    }
                                ],
                                "from": {
                                    "key_code": "l",
                                    "modifiers": {
                                        "mandatory": [],
                                        "optional": [
                                            "any"
                                        ]
                                    }
                                },
                                "to": [
                                    {
                                        "shell_command": "/opt/homebrew/bin/yabai -m window --focus east"
                                    }
                                ],
                                "type": "basic"
                            },
                            {
                                "from": {
                                    "modifiers": {
                                        "mandatory": [],
                                        "optional": [
                                            "any"
                                        ]
                                    },
                                    "simultaneous": [
                                        {
                                            "key_code": "w"
                                        },
                                        {
                                            "key_code": "l"
                                        }
                                    ],
                                    "simultaneous_options": {
                                        "detect_key_down_uninterruptedly": true,
                                        "key_down_order": "strict",
                                        "key_up_order": "strict_inverse",
                                        "key_up_when": "any",
                                        "to_after_key_up": [
                                            {
                                                "set_variable": {
                                                    "name": "yb_window_mode",
                                                    "value": 0
                                                }
                                            }
                                        ]
                                    }
                                },
                                "parameters": {
                                    "basic.simultaneous_threshold_milliseconds": 500
                                },
                                "to": [
                                    {
                                        "set_variable": {
                                            "name": "yb_window_mode",
                                            "value": 1
                                        }
                                    },
                                    {
                                        "shell_command": "/opt/homebrew/bin/yabai -m window --focus east"
                                    }
                                ],
                                "type": "basic"
                            },
                            {
                                "conditions": [
                                    {
                                        "name": "yb_window_mode",
                                        "type": "variable_if",
                                        "value": 1
                                    }
                                ],
                                "from": {
                                    "key_code": "h",
                                    "modifiers": {
                                        "mandatory": [],
                                        "optional": [
                                            "any"
                                        ]
                                    }
                                },
                                "to": [
                                    {
                                        "shell_command": "/opt/homebrew/bin/yabai -m window --focus west"
                                    }
                                ],
                                "type": "basic"
                            },
                            {
                                "from": {
                                    "modifiers": {
                                        "mandatory": [],
                                        "optional": [
                                            "any"
                                        ]
                                    },
                                    "simultaneous": [
                                        {
                                            "key_code": "w"
                                        },
                                        {
                                            "key_code": "h"
                                        }
                                    ],
                                    "simultaneous_options": {
                                        "detect_key_down_uninterruptedly": true,
                                        "key_down_order": "strict",
                                        "key_up_order": "strict_inverse",
                                        "key_up_when": "any",
                                        "to_after_key_up": [
                                            {
                                                "set_variable": {
                                                    "name": "yb_window_mode",
                                                    "value": 0
                                                }
                                            }
                                        ]
                                    }
                                },
                                "parameters": {
                                    "basic.simultaneous_threshold_milliseconds": 500
                                },
                                "to": [
                                    {
                                        "set_variable": {
                                            "name": "yb_window_mode",
                                            "value": 1
                                        }
                                    },
                                    {
                                        "shell_command": "/opt/homebrew/bin/yabai -m window --focus west"
                                    }
                                ],
                                "type": "basic"
                            },
                            {
                                "conditions": [
                                    {
                                        "name": "yb_window_mode",
                                        "type": "variable_if",
                                        "value": 1
                                    }
                                ],
                                "from": {
                                    "key_code": "j",
                                    "modifiers": {
                                        "mandatory": [],
                                        "optional": [
                                            "any"
                                        ]
                                    }
                                },
                                "to": [
                                    {
                                        "shell_command": "/opt/homebrew/bin/yabai -m window --focus south"
                                    }
                                ],
                                "type": "basic"
                            },
                            {
                                "from": {
                                    "modifiers": {
                                        "mandatory": [],
                                        "optional": [
                                            "any"
                                        ]
                                    },
                                    "simultaneous": [
                                        {
                                            "key_code": "w"
                                        },
                                        {
                                            "key_code": "j"
                                        }
                                    ],
                                    "simultaneous_options": {
                                        "detect_key_down_uninterruptedly": true,
                                        "key_down_order": "strict",
                                        "key_up_order": "strict_inverse",
                                        "key_up_when": "any",
                                        "to_after_key_up": [
                                            {
                                                "set_variable": {
                                                    "name": "yb_window_mode",
                                                    "value": 0
                                                }
                                            }
                                        ]
                                    }
                                },
                                "parameters": {
                                    "basic.simultaneous_threshold_milliseconds": 500
                                },
                                "to": [
                                    {
                                        "set_variable": {
                                            "name": "yb_window_mode",
                                            "value": 1
                                        }
                                    },
                                    {
                                        "shell_command": "/opt/homebrew/bin/yabai -m window --focus south"
                                    }
                                ],
                                "type": "basic"
                            },
                            {
                                "conditions": [
                                    {
                                        "name": "yb_window_mode",
                                        "type": "variable_if",
                                        "value": 1
                                    }
                                ],
                                "from": {
                                    "key_code": "k",
                                    "modifiers": {
                                        "mandatory": [],
                                        "optional": [
                                            "any"
                                        ]
                                    }
                                },
                                "to": [
                                    {
                                        "shell_command": "/opt/homebrew/bin/yabai -m window --focus north"
                                    }
                                ],
                                "type": "basic"
                            },
                            {
                                "from": {
                                    "modifiers": {
                                        "mandatory": [],
                                        "optional": [
                                            "any"
                                        ]
                                    },
                                    "simultaneous": [
                                        {
                                            "key_code": "w"
                                        },
                                        {
                                            "key_code": "k"
                                        }
                                    ],
                                    "simultaneous_options": {
                                        "detect_key_down_uninterruptedly": true,
                                        "key_down_order": "strict",
                                        "key_up_order": "strict_inverse",
                                        "key_up_when": "any",
                                        "to_after_key_up": [
                                            {
                                                "set_variable": {
                                                    "name": "yb_window_mode",
                                                    "value": 0
                                                }
                                            }
                                        ]
                                    }
                                },
                                "parameters": {
                                    "basic.simultaneous_threshold_milliseconds": 500
                                },
                                "to": [
                                    {
                                        "set_variable": {
                                            "name": "yb_window_mode",
                                            "value": 1
                                        }
                                    },
                                    {
                                        "shell_command": "/opt/homebrew/bin/yabai -m window --focus north"
                                    }
                                ],
                                "type": "basic"
                            }
                        ]
                    },
                    {
                        "description": "Yabai Swap",
                        "manipulators": [
                            {
                                "conditions": [
                                    {
                                        "name": "yb_swap_mode",
                                        "type": "variable_if",
                                        "value": 1
                                    }
                                ],
                                "from": {
                                    "key_code": "h",
                                    "modifiers": {
                                        "mandatory": [],
                                        "optional": [
                                            "any"
                                        ]
                                    }
                                },
                                "to": [
                                    {
                                        "shell_command": "/opt/homebrew/bin/yabai -m window --swap west"
                                    }
                                ],
                                "type": "basic"
                            },
                            {
                                "from": {
                                    "modifiers": {
                                        "mandatory": [],
                                        "optional": [
                                            "any"
                                        ]
                                    },
                                    "simultaneous": [
                                        {
                                            "key_code": "s"
                                        },
                                        {
                                            "key_code": "h"
                                        }
                                    ],
                                    "simultaneous_options": {
                                        "detect_key_down_uninterruptedly": true,
                                        "key_down_order": "strict",
                                        "key_up_order": "strict_inverse",
                                        "key_up_when": "any",
                                        "to_after_key_up": [
                                            {
                                                "set_variable": {
                                                    "name": "yb_swap_mode",
                                                    "value": 0
                                                }
                                            }
                                        ]
                                    }
                                },
                                "parameters": {
                                    "basic.simultaneous_threshold_milliseconds": 500
                                },
                                "to": [
                                    {
                                        "set_variable": {
                                            "name": "yb_swap_mode",
                                            "value": 1
                                        }
                                    },
                                    {
                                        "shell_command": "/opt/homebrew/bin/yabai -m window --swap west"
                                    }
                                ],
                                "type": "basic"
                            },
                            {
                                "conditions": [
                                    {
                                        "name": "yb_swap_mode",
                                        "type": "variable_if",
                                        "value": 1
                                    }
                                ],
                                "from": {
                                    "key_code": "l",
                                    "modifiers": {
                                        "mandatory": [],
                                        "optional": [
                                            "any"
                                        ]
                                    }
                                },
                                "to": [
                                    {
                                        "shell_command": "/opt/homebrew/bin/yabai -m window --swap east"
                                    }
                                ],
                                "type": "basic"
                            },
                            {
                                "from": {
                                    "modifiers": {
                                        "mandatory": [],
                                        "optional": [
                                            "any"
                                        ]
                                    },
                                    "simultaneous": [
                                        {
                                            "key_code": "s"
                                        },
                                        {
                                            "key_code": "l"
                                        }
                                    ],
                                    "simultaneous_options": {
                                        "detect_key_down_uninterruptedly": true,
                                        "key_down_order": "strict",
                                        "key_up_order": "strict_inverse",
                                        "key_up_when": "any",
                                        "to_after_key_up": [
                                            {
                                                "set_variable": {
                                                    "name": "yb_swap_mode",
                                                    "value": 0
                                                }
                                            }
                                        ]
                                    }
                                },
                                "parameters": {
                                    "basic.simultaneous_threshold_milliseconds": 500
                                },
                                "to": [
                                    {
                                        "set_variable": {
                                            "name": "yb_swap_mode",
                                            "value": 1
                                        }
                                    },
                                    {
                                        "shell_command": "/opt/homebrew/bin/yabai -m window --swap east"
                                    }
                                ],
                                "type": "basic"
                            },
                            {
                                "conditions": [
                                    {
                                        "name": "yb_swap_mode",
                                        "type": "variable_if",
                                        "value": 1
                                    }
                                ],
                                "from": {
                                    "key_code": "j",
                                    "modifiers": {
                                        "mandatory": [],
                                        "optional": [
                                            "any"
                                        ]
                                    }
                                },
                                "to": [
                                    {
                                        "shell_command": "/opt/homebrew/bin/yabai -m window --swap south"
                                    }
                                ],
                                "type": "basic"
                            },
                            {
                                "from": {
                                    "modifiers": {
                                        "mandatory": [],
                                        "optional": [
                                            "any"
                                        ]
                                    },
                                    "simultaneous": [
                                        {
                                            "key_code": "s"
                                        },
                                        {
                                            "key_code": "j"
                                        }
                                    ],
                                    "simultaneous_options": {
                                        "detect_key_down_uninterruptedly": true,
                                        "key_down_order": "strict",
                                        "key_up_order": "strict_inverse",
                                        "key_up_when": "any",
                                        "to_after_key_up": [
                                            {
                                                "set_variable": {
                                                    "name": "yb_swap_mode",
                                                    "value": 0
                                                }
                                            }
                                        ]
                                    }
                                },
                                "parameters": {
                                    "basic.simultaneous_threshold_milliseconds": 500
                                },
                                "to": [
                                    {
                                        "set_variable": {
                                            "name": "yb_swap_mode",
                                            "value": 1
                                        }
                                    },
                                    {
                                        "shell_command": "/opt/homebrew/bin/yabai -m window --swap south"
                                    }
                                ],
                                "type": "basic"
                            },
                            {
                                "conditions": [
                                    {
                                        "name": "yb_swap_mode",
                                        "type": "variable_if",
                                        "value": 1
                                    }
                                ],
                                "from": {
                                    "key_code": "k",
                                    "modifiers": {
                                        "mandatory": [],
                                        "optional": [
                                            "any"
                                        ]
                                    }
                                },
                                "to": [
                                    {
                                        "shell_command": "/opt/homebrew/bin/yabai -m window --swap north"
                                    }
                                ],
                                "type": "basic"
                            },
                            {
                                "from": {
                                    "modifiers": {
                                        "mandatory": [],
                                        "optional": [
                                            "any"
                                        ]
                                    },
                                    "simultaneous": [
                                        {
                                            "key_code": "s"
                                        },
                                        {
                                            "key_code": "k"
                                        }
                                    ],
                                    "simultaneous_options": {
                                        "detect_key_down_uninterruptedly": true,
                                        "key_down_order": "strict",
                                        "key_up_order": "strict_inverse",
                                        "key_up_when": "any",
                                        "to_after_key_up": [
                                            {
                                                "set_variable": {
                                                    "name": "yb_swap_mode",
                                                    "value": 0
                                                }
                                            }
                                        ]
                                    }
                                },
                                "parameters": {
                                    "basic.simultaneous_threshold_milliseconds": 500
                                },
                                "to": [
                                    {
                                        "set_variable": {
                                            "name": "yb_swap_mode",
                                            "value": 1
                                        }
                                    },
                                    {
                                        "shell_command": "/opt/homebrew/bin/yabai -m window --swap north"
                                    }
                                ],
                                "type": "basic"
                            },
                            {
                                "conditions": [
                                    {
                                        "name": "yb_swap_mode",
                                        "type": "variable_if",
                                        "value": 1
                                    }
                                ],
                                "from": {
                                    "key_code": "r",
                                    "modifiers": {
                                        "mandatory": [],
                                        "optional": [
                                            "any"
                                        ]
                                    }
                                },
                                "to": [
                                    {
                                        "shell_command": "/opt/homebrew/bin/yabai -m space --rotate 90"
                                    }
                                ],
                                "type": "basic"
                            },
                            {
                                "from": {
                                    "modifiers": {
                                        "mandatory": [],
                                        "optional": [
                                            "any"
                                        ]
                                    },
                                    "simultaneous": [
                                        {
                                            "key_code": "s"
                                        },
                                        {
                                            "key_code": "r"
                                        }
                                    ],
                                    "simultaneous_options": {
                                        "detect_key_down_uninterruptedly": true,
                                        "key_down_order": "strict",
                                        "key_up_order": "strict_inverse",
                                        "key_up_when": "any",
                                        "to_after_key_up": [
                                            {
                                                "set_variable": {
                                                    "name": "yb_swap_mode",
                                                    "value": 0
                                                }
                                            }
                                        ]
                                    }
                                },
                                "parameters": {
                                    "basic.simultaneous_threshold_milliseconds": 500
                                },
                                "to": [
                                    {
                                        "set_variable": {
                                            "name": "yb_swap_mode",
                                            "value": 1
                                        }
                                    },
                                    {
                                        "shell_command": "/opt/homebrew/bin/yabai -m space --rotate 90"
                                    }
                                ],
                                "type": "basic"
                            }
                        ]
                    },
                    {
                        "description": "Yabai Move",
                        "manipulators": [
                            {
                                "conditions": [
                                    {
                                        "name": "yb_move_mode",
                                        "type": "variable_if",
                                        "value": 1
                                    }
                                ],
                                "from": {
                                    "key_code": "l",
                                    "modifiers": {
                                        "mandatory": [],
                                        "optional": [
                                            "any"
                                        ]
                                    }
                                },
                                "to": [
                                    {
                                        "shell_command": "/opt/homebrew/bin/yabai -m window --display east; /opt/homebrew/bin/yabai -m display --focus east"
                                    }
                                ],
                                "type": "basic"
                            },
                            {
                                "from": {
                                    "modifiers": {
                                        "mandatory": [],
                                        "optional": [
                                            "any"
                                        ]
                                    },
                                    "simultaneous": [
                                        {
                                            "key_code": "d"
                                        },
                                        {
                                            "key_code": "l"
                                        }
                                    ],
                                    "simultaneous_options": {
                                        "detect_key_down_uninterruptedly": true,
                                        "key_down_order": "strict",
                                        "key_up_order": "strict_inverse",
                                        "key_up_when": "any",
                                        "to_after_key_up": [
                                            {
                                                "set_variable": {
                                                    "name": "yb_move_mode",
                                                    "value": 0
                                                }
                                            }
                                        ]
                                    }
                                },
                                "parameters": {
                                    "basic.simultaneous_threshold_milliseconds": 500
                                },
                                "to": [
                                    {
                                        "set_variable": {
                                            "name": "yb_move_mode",
                                            "value": 1
                                        }
                                    },
                                    {
                                        "shell_command": "/opt/homebrew/bin/yabai -m window --display east; /opt/homebrew/bin/yabai -m display --focus east"
                                    }
                                ],
                                "type": "basic"
                            },
                            {
                                "conditions": [
                                    {
                                        "name": "yb_move_mode",
                                        "type": "variable_if",
                                        "value": 1
                                    }
                                ],
                                "from": {
                                    "key_code": "h",
                                    "modifiers": {
                                        "mandatory": [],
                                        "optional": [
                                            "any"
                                        ]
                                    }
                                },
                                "to": [
                                    {
                                        "shell_command": "/opt/homebrew/bin/yabai -m window --display west; /opt/homebrew/bin/yabai -m display --focus west"
                                    }
                                ],
                                "type": "basic"
                            },
                            {
                                "from": {
                                    "modifiers": {
                                        "mandatory": [],
                                        "optional": [
                                            "any"
                                       ]
                                    },
                                    "simultaneous": [
                                        {
                                            "key_code": "d"
                                        },
                                        {
                                            "key_code": "h"
                                        }
                                    ],
                                    "simultaneous_options": {
                                        "detect_key_down_uninterruptedly": true,
                                        "key_down_order": "strict",
                                        "key_up_order": "strict_inverse",
                                        "key_up_when": "any",
                                        "to_after_key_up": [
                                            {
                                                "set_variable": {
                                                    "name": "yb_move_mode",
                                                    "value": 0
                                                }
                                            }
                                        ]
                                    }
                                },
                                "parameters": {
                                    "basic.simultaneous_threshold_milliseconds": 500
                                },
                                "to": [
                                    {
                                        "set_variable": {
                                            "name": "yb_move_mode",
                                            "value": 1
                                        }
                                    },
                                    {
                                        "shell_command": "/opt/homebrew/bin/yabai -m window --display west; /opt/homebrew/bin/yabai -m display --focus west"
                                    }
                                ],
                                "type": "basic"
                            },
                            {
                                "conditions": [
                                    {
                                        "name": "yb_move_mode",
                                        "type": "variable_if",
                                        "value": 1
                                    }
                                ],
                                "from": {
                                    "key_code": "j",
                                    "modifiers": {
                                        "mandatory": [],
                                        "optional": [
                                            "any"
                                        ]
                                    }
                                },
                                "to": [
                                    {
                                        "shell_command": "/opt/homebrew/bin/yabai -m window --space next; /opt/homebrew/bin/yabai -m space --focus next"
                                    }
                                ],
                                "type": "basic"
                            },
                            {
                                "from": {
                                    "modifiers": {
                                        "mandatory": [],
                                        "optional": [
                                            "any"
                                        ]
                                    },
                                    "simultaneous": [
                                        {
                                            "key_code": "d"
                                        },
                                        {
                                            "key_code": "j"
                                        }
                                    ],
                                    "simultaneous_options": {
                                        "detect_key_down_uninterruptedly": true,
                                        "key_down_order": "strict",
                                        "key_up_order": "strict_inverse",
                                        "key_up_when": "any",
                                        "to_after_key_up": [
                                            {
                                                "set_variable": {
                                                    "name": "yb_move_mode",
                                                    "value": 0
                                                }
                                            }
                                        ]
                                    }
                                },
                                "parameters": {
                                    "basic.simultaneous_threshold_milliseconds": 500
                                },
                                "to": [
                                    {
                                        "set_variable": {
                                            "name": "yb_move_mode",
                                            "value": 1
                                        }
                                    },
                                    {
                                        "shell_command": "/opt/homebrew/bin/yabai -m window --space next; /opt/homebrew/bin/yabai -m space --focus next"
                                    }
                                ],
                                "type": "basic"
                            },
                            {
                                "conditions": [
                                    {
                                        "name": "yb_move_mode",
                                        "type": "variable_if",
                                        "value": 1
                                    }
                                ],
                                "from": {
                                    "key_code": "k",
                                    "modifiers": {
                                        "mandatory": [],
                                        "optional": [
                                            "any"
                                        ]
                                    }
                                },
                                "to": [
                                    {
                                        "shell_command": "/opt/homebrew/bin/yabai -m window --space prev; /opt/homebrew/bin/yabai -m space --focus prev"
                                    }
                                ],
                                "type": "basic"
                            },
                            {
                                "from": {
                                    "modifiers": {
                                        "mandatory": [],
                                        "optional": [
                                            "any"
                                        ]
                                    },
                                    "simultaneous": [
                                        {
                                            "key_code": "d"
                                        },
                                        {
                                            "key_code": "k"
                                        }
                                    ],
                                    "simultaneous_options": {
                                        "detect_key_down_uninterruptedly": true,
                                        "key_down_order": "strict",
                                        "key_up_order": "strict_inverse",
                                        "key_up_when": "any",
                                        "to_after_key_up": [
                                            {
                                                "set_variable": {
                                                    "name": "yb_move_mode",
                                                    "value": 0
                                                }
                                            }
                                        ]
                                    }
                                },
                                "parameters": {
                                    "basic.simultaneous_threshold_milliseconds": 500
                                },
                                "to": [
                                    {
                                        "set_variable": {
                                            "name": "yb_move_mode",
                                            "value": 1
                                        }
                                    },
                                    {
                                        "shell_command": "/opt/homebrew/bin/yabai -m window --space prev; /opt/homebrew/bin/yabai -m space --focus prev"
                                    }
                                ],
                                "type": "basic"
                            }
                        ]
                    },
                    {
                        "description": "Yabai Window Resize",
                        "manipulators": [
                            {
                                "conditions": [
                                    {
                                        "name": "yb_resize_mode",
                                        "type": "variable_if",
                                        "value": 1
                                    }
                                ],
                                "from": {
                                    "key_code": "h",
                                    "modifiers": {
                                        "mandatory": [],
                                        "optional": [
                                            "any"
                                        ]
                                    }
                                },
                                "to": [
                                    {
                                        "shell_command": "/opt/homebrew/bin/yabai -m window --resize left:-40:0"
                                    }
                                ],
                                "type": "basic"
                            },
                            {
                                "from": {
                                    "modifiers": {
                                        "mandatory": [],
                                        "optional": [
                                            "any"
                                        ]
                                    },
                                    "simultaneous": [
                                        {
                                            "key_code": "r"
                                        },
                                        {
                                            "key_code": "e"
                                        },
                                        {
                                            "key_code": "h"
                                        }
                                    ],
                                    "simultaneous_options": {
                                        "detect_key_down_uninterruptedly": true,
                                        "key_down_order": "strict",
                                        "key_up_order": "strict_inverse",
                                        "key_up_when": "all",
                                        "to_after_key_up": [
                                            {
                                                "set_variable": {
                                                    "name": "yb_resize_mode",
                                                    "value": 0
                                                }
                                            }
                                        ]
                                    }
                                },
                                "parameters": {
                                    "basic.simultaneous_threshold_milliseconds": 500
                                },
                                "to": [
                                    {
                                        "set_variable": {
                                            "name": "yb_resize_mode",
                                            "value": 1
                                        }
                                    },
                                    {
                                        "shell_command": "/opt/homebrew/bin/yabai -m window --resize left:-40:0"
                                    }
                                ],
                                "type": "basic"
                            },
                            {
                                "conditions": [
                                    {
                                        "name": "yb_resize_mode",
                                        "type": "variable_if",
                                        "value": 1
                                    }
                                ],
                                "from": {
                                    "key_code": "l",
                                    "modifiers": {
                                        "mandatory": [],
                                        "optional": [
                                            "any"
                                        ]
                                    }
                                },
                                "to": [
                                    {
                                        "shell_command": "/opt/homebrew/bin/yabai -m window --resize left:40:0"
                                    }
                                ],
                                "type": "basic"
                            },
                            {
                                "from": {
                                    "modifiers": {
                                        "mandatory": [],
                                        "optional": [
                                            "any"
                                        ]
                                    },
                                    "simultaneous": [
                                        {
                                            "key_code": "r"
                                        },
                                        {
                                            "key_code": "j"
                                        },
                                        {
                                            "key_code": "l"
                                        }
                                    ],
                                    "simultaneous_options": {
                                        "detect_key_down_uninterruptedly": true,
                                        "key_down_order": "strict",
                                        "key_up_order": "strict_inverse",
                                        "key_up_when": "all",
                                        "to_after_key_up": [
                                            {
                                                "set_variable": {
                                                    "name": "yb_resize_mode",
                                                    "value": 0
                                                }
                                            }
                                        ]
                                    }
                                },
                                "parameters": {
                                    "basic.simultaneous_threshold_milliseconds": 500
                                },
                                "to": [
                                    {
                                        "set_variable": {
                                            "name": "yb_resize_mode",
                                            "value": 1
                                        }
                                    },
                                    {
                                        "shell_command": "/opt/homebrew/bin/yabai -m window --resize left:40:0"
                                    }
                                ],
                                "type": "basic"
                            },
                            {
                                "conditions": [
                                    {
                                        "name": "yb_resize_right_mode",
                                        "type": "variable_if",
                                        "value": 1
                                    }
                                ],
                                "from": {
                                    "key_code": "l",
                                    "modifiers": {
                                        "mandatory": [],
                                        "optional": [
                                            "any"
                                        ]
                                    }
                                },
                                "to": [
                                    {
                                        "shell_command": "/opt/homebrew/bin/yabai -m window --resize right:40:0"
                                    }
                                ],
                                "type": "basic"
                            },
                            {
                                "from": {
                                    "modifiers": {
                                        "mandatory": [],
                                        "optional": [
                                            "any"
                                        ]
                                    },
                                    "simultaneous": [
                                        {
                                            "key_code": "r"
                                        },
                                        {
                                            "key_code": "t"
                                        },
                                        {
                                            "key_code": "l"
                                        }
                                    ],
                                    "simultaneous_options": {
                                        "detect_key_down_uninterruptedly": true,
                                        "key_down_order": "strict",
                                        "key_up_order": "strict_inverse",
                                        "key_up_when": "any",
                                        "to_after_key_up": [
                                            {
                                                "set_variable": {
                                                    "name": "yb_resize_right_mode",
                                                    "value": 0
                                                }
                                            }
                                        ]
                                    }
                                },
                                "parameters": {
                                    "basic.simultaneous_threshold_milliseconds": 500
                                },
                                "to": [
                                    {
                                        "set_variable": {
                                            "name": "yb_resize_right_mode",
                                            "value": 1
                                        }
                                    },
                                    {
                                        "shell_command": "/opt/homebrew/bin/yabai -m window --resize right:40:0"
                                    }
                                ],
                                "type": "basic"
                            },
                            {
                                "conditions": [
                                    {
                                        "name": "yb_resize_right_mode",
                                        "type": "variable_if",
                                        "value": 1
                                    }
                                ],
                                "from": {
                                    "key_code": "h",
                                    "modifiers": {
                                        "mandatory": [],
                                        "optional": [
                                            "any"
                                        ]
                                    }
                                },
                                "to": [
                                    {
                                        "shell_command": "/opt/homebrew/bin/yabai -m window --resize right:-40:0"
                                    }
                                ],
                                "type": "basic"
                            },
                            {
                                "from": {
                                    "modifiers": {
                                        "mandatory": [],
                                        "optional": [
                                            "any"
                                        ]
                                    },
                                    "simultaneous": [
                                        {
                                            "key_code": "r"
                                        },
                                        {
                                            "key_code": "t"
                                        },
                                        {
                                            "key_code": "h"
                                        }
                                    ],
                                    "simultaneous_options": {
                                        "detect_key_down_uninterruptedly": true,
                                        "key_down_order": "strict",
                                        "key_up_order": "strict_inverse",
                                        "key_up_when": "any",
                                        "to_after_key_up": [
                                            {
                                                "set_variable": {
                                                    "name": "yb_resize_right_mode",
                                                    "value": 0
                                                }
                                            }
                                        ]
                                    }
                                },
                                "parameters": {
                                    "basic.simultaneous_threshold_milliseconds": 500
                                },
                                "to": [
                                    {
                                        "set_variable": {
                                            "name": "yb_resize_right_mode",
                                            "value": 1
                                        }
                                    },
                                    {
                                        "shell_command": "/opt/homebrew/bin/yabai -m window --resize right:-40:0"
                                    }
                                ],
                                "type": "basic"
                            },
                            {
                                "conditions": [
                                    {
                                        "name": "yb_resize_mode",
                                        "type": "variable_if",
                                        "value": 1
                                    }
                                ],
                                "from": {
                                    "key_code": "j",
                                    "modifiers": {
                                        "mandatory": [],
                                        "optional": [
                                            "any"
                                        ]
                                    }
                                },
                                "to": [
                                    {
                                        "shell_command": "/opt/homebrew/bin/yabai -m window --resize bottom:0:40"
                                    }
                                ],
                                "type": "basic"
                            },
                            {
                                "from": {
                                    "modifiers": {
                                        "mandatory": [],
                                        "optional": [
                                            "any"
                                        ]
                                    },
                                    "simultaneous": [
                                        {
                                            "key_code": "r"
                                        },
                                        {
                                            "key_code": "j"
                                        }
                                    ],
                                    "simultaneous_options": {
                                        "detect_key_down_uninterruptedly": true,
                                        "key_down_order": "strict",
                                        "key_up_order": "strict_inverse",
                                        "key_up_when": "any",
                                        "to_after_key_up": [
                                            {
                                                "set_variable": {
                                                    "name": "yb_resize_mode",
                                                    "value": 0
                                                }
                                            }
                                        ]
                                    }
                                },
                                "parameters": {
                                    "basic.simultaneous_threshold_milliseconds": 500
                                },
                                "to": [
                                    {
                                        "set_variable": {
                                            "name": "yb_resize_mode",
                                            "value": 1
                                        }
                                    },
                                    {
                                        "shell_command": "/opt/homebrew/bin/yabai -m window --resize bottom:0:40"
                                    }
                                ],
                                "type": "basic"
                            },
                            {
                                "conditions": [
                                    {
                                        "name": "yb_resize_mode",
                                        "type": "variable_if",
                                        "value": 1
                                    }
                                ],
                                "from": {
                                    "key_code": "k",
                                    "modifiers": {
                                        "mandatory": [],
                                        "optional": [
                                            "any"
                                        ]
                                    }
                                },
                                "to": [
                                    {
                                        "shell_command": "/opt/homebrew/bin/yabai -m window --resize top:0:-40"
                                    }
                                ],
                                "type": "basic"
                            },
                            {
                                "from": {
                                    "modifiers": {
                                        "mandatory": [],
                                        "optional": [
                                            "any"
                                        ]
                                    },
                                    "simultaneous": [
                                        {
                                            "key_code": "r"
                                        },
                                        {
                                            "key_code": "k"
                                        }
                                    ],
                                    "simultaneous_options": {
                                        "detect_key_down_uninterruptedly": true,
                                        "key_down_order": "strict",
                                        "key_up_order": "strict_inverse",
                                        "key_up_when": "any",
                                        "to_after_key_up": [
                                            {
                                                "set_variable": {
                                                    "name": "yb_resize_mode",
                                                    "value": 0
                                                }
                                            }
                                        ]
                                    }
                                },
                                "parameters": {
                                    "basic.simultaneous_threshold_milliseconds": 500
                                },
                                "to": [
                                    {
                                        "set_variable": {
                                            "name": "yb_resize_mode",
                                            "value": 1
                                        }
                                    },
                                    {
                                        "shell_command": "/opt/homebrew/bin/yabai -m window --resize top:0:-40"
                                    }
                                ],
                                "type": "basic"
                            }
                        ]
                    }
                ]
            },
            "devices": [],
            "fn_function_keys": [
                {
                    "from": {
                        "key_code": "f1"
                    },
                    "to": [
                        {
                            "consumer_key_code": "display_brightness_decrement"
                        }
                    ]
                },
                {
                    "from": {
                        "key_code": "f2"
                    },
                    "to": [
                        {
                            "consumer_key_code": "display_brightness_increment"
                        }
                    ]
                },
                {
                    "from": {
                        "key_code": "f3"
                    },
                    "to": [
                        {
                            "key_code": "mission_control"
                        }
                    ]
                },
                {
                    "from": {
                        "key_code": "f4"
                    },
                    "to": [
                        {
                            "key_code": "launchpad"
                        }
                    ]
                },
                {
                    "from": {
                        "key_code": "f5"
                    },
                    "to": [
                        {
                            "key_code": "illumination_decrement"
                        }
                    ]
                },
                {
                    "from": {
                        "key_code": "f6"
                    },
                    "to": [
                        {
                            "key_code": "illumination_increment"
                        }
                    ]
                },
                {
                    "from": {
                        "key_code": "f7"
                    },
                    "to": [
                        {
                            "consumer_key_code": "rewind"
                        }
                    ]
                },
                {
                    "from": {
                        "key_code": "f8"
                    },
                    "to": [
                        {
                            "consumer_key_code": "play_or_pause"
                        }
                    ]
                },
                {
                    "from": {
                        "key_code": "f9"
                    },
                    "to": [
                        {
                            "consumer_key_code": "fast_forward"
                        }
                    ]
                },
                {
                    "from": {
                        "key_code": "f10"
                    },
                    "to": [
                        {
                            "consumer_key_code": "mute"
                        }
                    ]
                },
                {
                    "from": {
                        "key_code": "f11"
                    },
                    "to": [
                        {
                            "consumer_key_code": "volume_decrement"
                        }
                    ]
                },
                {
                    "from": {
                        "key_code": "f12"
                    },
                    "to": [
                        {
                            "consumer_key_code": "volume_increment"
                        }
                    ]
                }
            ],
            "name": "Default profile",
            "parameters": {
                "delay_milliseconds_before_open_device": 1000
            },
            "selected": true,
            "simple_modifications": [
                {
                    "from": {
                        "key_code": "delete_forward"
                    },
                    "to": [
                        {
                            "key_code": "right_control"
                        }
                    ]
                }
            ],
            "virtual_hid_keyboard": {
                "country_code": 0,
                "indicate_sticky_modifier_keys_state": true,
                "mouse_key_xy_scale": 100
            }
        }
    ]
}
